English,SPANISH,FRENCH,GERMAN,ARABIC,JAPANESE,CHINESE,TAMIL,HINDI
of,de,de,von,?,?,?,of,??
I,I,je,ICH,???,?,?,????,???
East,Este,est,Ost,???,?,??,???????,?????
not,no,pas,nicht,??,??,??,?????,????
THE,EL,le,DER,??,,?,??,
YOU,vosotras,vous,DU,???,???,?,???????,??
there,all횄혘횂징,la,Dort,????,????,??,?????,????
that,eso,que,Du,???,???,?,???????,??
A,A,un,Das,???? - ????,??,?,????,??
he,횄혘횂혟l,il,A,?,a,A,A,?
And,Y,et,Er,??,?,?,????,??
has,tiene,횄혘횂혘횄혗횂혻,Und,?,???,?,???????,??
has,tiene,a,hat,????,?????,?,??????,??
This,Este,ce,hat,????,?????,?,??????,??
we,nosotros,on,geboren,??????,????,??,???????,????
That,Eso,횄혘횂혘횄혗횂짠a,DER,??,,?,??,
a,a,une,Das,???,??,?,???,??
have,tener,ai,In,??,?,?,???,???
Me,A m횄혘횂짯,moi,Wir,???,????,??,???????,??
Who,OMS,qui,Das,???? - ????,??,?,????,??
We,Nosotros,nous,A,?,a,A,a,?
Y,Y,y,haben,????,?????,?,????????,??? ????
me,a m횄혘횂짯,me,F체r,?,????,??,????,?? ???
In,dentro,dans,des,??????,?,?,of,??
of,de,du,Mich,???,??,?,????,????
She,ella,elle,WHO,??,??,WHO,WHO,???
if,si,si,Wir,???,????,??,???????,??
All,todo,tout,Aber,???,???,?,???????,?????
more,M횄혘횂징s,plus,Y,?,y,y,Y,Y
No,No,non,Mich,???,??,?,????,????
My,Mi,mon,In,??,?,?,???,???
you,t횄혘횂쨘,te,von,?,?,?,of,??
At,En,au,GUT,???,??,??,????,?????
with,con,avec,Sie,??,??,?,????,??
Yes,S횄혘횂짯,oui,Wenn,??,??,??,???????,???
go,ir,va,Alle,??????,??,??,???????,???
do,hacer,fait,mehr,????,???,???,??????,????
they,ellos,ils,NEIN,??,???,?,?????,????
AS,COMO,as,Mein,??,??,??,???,????
TO DO,hacer,faire,Bin,????,??,?,????,?????????
se,SE,se,Du,???,???,?,???????,??
as,como,comme,Bei,??,?,?,At,??
was,estaba,횄혘횂혘횄혗횂짤tait,mit,??,?,?,????,???
on,seguro,sur,Ja,???,??,??,???,???
What,Qu횄혘횂짤,quoi,gehen,????,??,?,???,????
know,saber,sais,Du,???,???,?,???????,??
him,a 횄혘횂짤l,lui,Tun,????,??,?,????,????
want,desear,veux,Sie,??,???,??,???????,??
my,mi,ma,ALS,???,???,??,??,????
there,all횄혘횂징,l횄혘횂혘횄혗횂혻,Sei,????,??,?,???,????
Nothing,Nada,rien,MACHEN,??? ????,??,??,?????,???? ?? ???
said,dicho,dit,se,SE,se,se,???.?.,??
es,cepalle,es,als,???,???,??,??,????
Or,O,o횄혘횂혘횄혗횂쨔,War,???,???,??,????????,??
your,su,votre,An,???,??,?,???,??
are,est횄혘횂징n,sont,Was,????,?,??,????,????
this,este,cette,Hier,???,??,??,?????,????
When,Cuando,quand,wissen,????,??,??,????????,?????
by,por,par,ihn,??,?,?,????,???
your,su,ton,wollen,????,???,?,????????,?????
can,puedo,peux,Mein,??,??,??,???,????
SO,entonces,alors,Dort,????,????,??,?????,????
say,decir,dire,Nichts,?? ??,????,????,??????? ?????,??? ????
go,ir,vais,sagte,???,???,?,????????,???
how,c횄혘횂쨀mo,comment,es,ES,es,es,???,???
Good,Bien,bon,Oder,??,???,??,??????,??
Or,O,ou,dein,??,????,??,??????,????
very,muy,tr횄혘횂혘횄혗횂짢s,Warum,?????,??,???,???,?????
even,incluso,m횄혘횂혘횄혗횂짧me,Sind,????,?,?,???,???
have,tienen,ont,Das,???,??,?,???,??
Never,Nunca,jamais,Wann,???,??,????,??????????,??
Also,tambi횄혘횂짤n,aussi,von,??????,???,??,?????,??????
thing,cosa,chose,ihr,??,??,?,????,????
see,ver,voir,dein,??,????,??,??????,????
Go on,Seguir,allez,d체rfen,??????,???,?,????????,?? ????
all,todo,tous,ALSO,???,???,??,??????,?????
these,estos,ces,sagen,????,??,?,?????,????
two,dos,deux,gehen,????,??,?,???,????
must,debe,faut,Wie,???,?????,??,??????,????
summer,Verano,횄혘횂혘횄혗횂짤t횄혘횂혘횄혗횂짤,haben,????,?????,?,????????,??? ????
are,son,횄혘횂혘횄혗횂짧tes,Gut,???,??,??,????,?????
your,su,ta,Oder,??,???,??,??????,??
to have,haber,avoir,sehr,????,???,??,???????,????
do ,hacer,fais,sogar,???,?,??,???,???? ?? ????
can,puede,peut,DANKE,?????,?????,??,?????,???????
other,otro,autre,haben,????,?????,?,????????,??? ????
Again,De nuevo,encore,Niemals,?????,?????,??,?????????,??? ????
little,peque횄혘횂짹o,peu,Auch,?????,??,?,??????,??
Really,En realidad,vraiment,Ding,???,??,??,??????,????
M,METRO,m,sehen,???,??,?,???????,?????
my,mi,mes,Mach weiter,????,???,??,???????????,???? ????
time,tiempo,temps,alle,??????,??,??,?????????,???
always,siempre,toujours,diese,?????,???,??,???,??
OUR,NUESTRO,notre,zwei,?????,?,?,??????,??
life,vida,vie,ihr,??,??,?,????,????
Oh,Oh,oh,muss,???,?????????,??,????????,?????
just,justo,juste,Sommer,???,?,??,???? ?????,?????
had,ten횄혘횂짯a,avait,Sind,????,?,?,???,???
world,mundo,monde,dein,??,????,??,??????,????
agreement,acuerdo,accord,haben,??????,????,??,????????,???? ?? ???
times,veces,fois,Tun,????,??,?,????,????
go,ir,aller,d체rfen,??????,???,?,????????,?? ????
too much,demasiado,trop,andere,???,??,??,?????????,????
come,ven,viens,JETZT,????,?,??,???????,??
believe,creer,crois,Wieder,??? ????,??,??,????????,??????
must,debo,dois,wenig,????,??,??,?????,?????
father,padre,p횄혘횂혘횄혗횂짢re,Wirklich,????,???,??,?????????,?????? ???
God,Dios,dieu,M,?,m,m,??,??
man,hombre,homme,Mein,??,??,??,???,????
on,seguro,s횄혘횂혘횄혗횂쨩r,Zeit,???,??,??,?????,???
to,a,aux,stets,??????,???,??,?????????,?????
their,su,leur,UNSER,?????,????,???,????,?????
Before,Antes,avant,Leben,????,??,??,????????,???????
is,es,횄혘횂혘횄혗횂짤tais,Oh,???,??,?,?,??
women,mujer,femme,Nur,???,??,??,?????,???
person,persona,personne,ohne,????,????,??,????????,????
had,ten횄혘횂짯a,avais,hatte,???,?????,?,????????,??
love,amar,aime,manche,???,?????,??,???,???
at the house of,en la casa de,chez,Welt,????,??,??,?????,??????
TRUE,real,vrai,Vereinbarung,?????,??,??,?????????,??????
years,a횄혘횂짹os,ans,gesehen,????,??,??,??????????,????
his,su,ses,mal,????,??,??,????,??????
talk,hablar,parler,gehen,????,??,?,???,????
your,su,vos,zu viel,???? ??? ?????,???,???,???????,???? ????
After,Despu횄혘횂짤s,apr횄혘횂혘횄혗횂짢s,kommen,????,??,?,?????????,???
dead,muerto,mort,glauben,?????,???,??,??????????,???????
That,Eso,ca,muss,???,?????????,??,????????,?????
eu,UE,eu,Vater,??,??,??,?????,????
wanna,querer,veut,Gott,???,?,??,??????,?????
because,porque,parce que,Mann,???,?,??,???,????
will be,ser횄혘횂징,sera,An,???,??,?,???,??
better,mejor,mieux,Zu,?,?,?,to,??
Good,buena,bonne,ihre,???,???,???,????????,????
little,peque횄혘횂짹o,petit,Vor,???,??,?,????,????
your ,su,tes,Ist,????,?,?,??????????,??
say,decir,dis,brauchen,?????,??,??,????,??????
a lot,mucho,beaucoup,Frauen,????,??,??,???????,???
Sir,se횄혘횂짹or,monsieur,Person,???,?,?,????,???????
There,listo,voil횄혘횂혘횄혗횂혻,hatte,???,?????,?,????????,??
Since,desde,depuis,Liebe,??,?,?,?????,?????
must,debe,doit,im Haus von,?? ????,???,???,????????,?? ?? ??
mother,madre,m횄혘횂혘횄혗횂짢re,WAHR,?????,??,??,?????,????
go,ir,vas,Jahre,????,?,?,????????,???
see ,ver,vois,sein,??,??,??,?????,????
girl,chica,fille,falsch,???,??????,???,????,???
Already,Ya,d횄혘횂혘횄혗횂짤j횄혘횂혘횄혗횂혻,sprechen,?????,??,??,??????,??? ????
people,gente,gens,dein,??,????,??,??????,????
SO,Entonces,donc,Nach,???,?,?,?????,???
day,d횄혘횂짯a,jour,tot,???,???,??,??????????????,???
he,횄혘횂혟l,il,Das,???? - ????,??,?,????,??
others,otros,autres,EU,??????? ????????,????,????,??,??????? ???
evening,noche,soir,will,????,???,?,????????,?????
all,toda,toute,Weil,???,????,??,???????,???????
Yeah,S횄혘횂짯,ouais,wird sein,??? ????,????????,?,?????????,????
money,dinero,argent,besser,????,????,???,????????,?????
House,Casa,maison,Gut,???,??,??,????,?????
think,pensar,pense,dein,??,????,??,??????,????
that,eso,cela,sagen,????,??,?,?????,????
night,noche,nuit,eine Menge,??????,????,??,?????,????
have,tenemos,avons,Herr,???,???,??,???,?????
II,II,ii,Dort,????,????,??,?????,????
shit,mierda,merde,Seit,???,??,??,?????,?? ??
this,este,cet,muss,???,?????????,??,????????,?????
Mom,mam횄혘횂징,maman,Mutter,????,??,??,?????,???
stay,permanecer,reste,Was,????,?,??,????,????
fear,miedo,peur,gehen,????,??,?,???,????
Sorry,Lo siento,d횄혘횂혘횄혗횂짤sol횄혘횂혘횄혗횂짤,sehen,???,??,?,???????,?????
Hi,Hola,salut,M채dchen,???,???,??,????,?????
alone,S횄혘횂쨀lo,seul,Bereits,??????,???,??,???????,???? ??
quickly,r횄혘횂징pidamente,vite,Menschen,?????,??,??,??????,???
take,llevar,prendre,ALSO,???,???,??,??????,?????
look at,mira a,regarde,Tag,???,?,?,????,???
either,cualquiera,soit,Er,??,?,?,????,??
air,aire,air,Andere,?????,???,???,?????????,????
pass,aprobar,pass횄혘횂혘횄혗횂짤,Abend,????,??,??,??????????,???
three,tres,trois,alle,??????,??,??,?????????,???
know,saber,savoir,Ja,???,??,??,???,???
jail,celda,pla횄혘횂혘횄혗횂짰t,Geld,???,??,?,????,??
things,cosas,choses,Haus,????,?,??,????,??
son,hijo,fils,Name,???,??,??,?????,???
ah,ahorcado,ah,Guten Morgen,???? ?????,????,???,???? ???????,??? ??????
down,abajo,bas,denken,????,???,??,?????????????,?????
less,menos,moins,unser,?????,????,???,????,?????
between,entre,entre,Das,???? - ????,??,?,????,??
tomorrow,ma횄혘횂짹ana,demain,Nacht,????,?,??,????,???
big,grande,grand,II,??????,ii,ii,Ii,???????
want,desear,voulez,Scheisse,?????,????,??,????,??
stopped,interrumpido,arr횄혘횂혘횄혗횂짧te,Das,???,??,?,???,??
eh,eh,hein,Papa,??,????,??,?????,????
hold on,esperar,attends,Mama,??,????,??,?????,???
OK,DE ACUERDO,ok,bleiben,????,????,??,????,????
reason,raz횄혘횂쨀n,raison,Furcht,????,??,??,????,??
children,ni횄혘횂짹os,enfants,Entschuldigung,???,???,???,????????????,????? ??????
enough,suficiente,assez,Hallo,?????,?????,??,???????,??????
would have,tendr횄혘횂짯a,aurais,allein,????,???,???,??????,?????
they,ellas,elles,angekommen,???,????,???,?????????????,??????
wanted,buscado,voulais,schnell,?????,???,???,???????,????? ??
are,somos,sommes,nehmen,????,??,?,????????? ???????????,????
days,d횄혘횂짯as,jours,ansehen,???? ???,??,??,??? ???????,????
speak,hablar,parle,entweder,?????,????,????,?????,????? ??? ?? ??
moment,momento,moment,Luft,????,??,??,??????,????
love,amor,amour,Was,????,?,??,????,????
all,todas,toutes,passieren,???,??,??,????,????????
hour,hora,heure,drei,?????,??,?,??????,???
Then,despu횄혘횂짤s,puis,wissen,????,??,??,????????,?????
late,tarde,tard,Gef채ngnis,???,???,??,????,???
kill,matar,tuer,Dinge,?????,??,??,?????????,??????
eh,eh,eh,Sohn,???,??,??,????,????
of,de,d횄혘횂혘횄혗횂쨩,Ah,??,??,?,?,???
friend,amigo,ami,runter,???,?,??,????,????
small,peque횄혘횂짹a,petite,weniger,???,???,???,???????,??
leave,"Marcharse, irse",partir,zwischen,???,?,??,???????,??? ???
men,hombres,hommes,passieren,???,??,??,????,????????
know,saber,connais,Hey,??,??,?,???,???
help,ayudar,aider,morgen,????,??,??,????,??
know,saber,savez,Anruf,????,??,??,???????,???????
chance,suerte,chance,gro횩,????,???,??,???????,????
How much,Cu횄혘횂징nto,combien,Kopf,???,?,?,???,???
so much,mucho,tant,wollen,????,???,?,????????,?????
knows,conocido,sait,Tun,????,??,?,????,????
taken,tomado,pris,gestoppt,?????,??,????,???????????????,???? ???
cut,cortar,coup,Eh,???,??,?,?,??
door,puerta,porte,festhalten,?????,????,?????,????,??????
would be,ser횄혘횂짯a,serait,OK,???,??????,??,???,??? ??
take,llevar,prends,Grund,???,??,??,??????,????
come,venir,venir,Kinder,?????,????,???,??????????,?????
work,trabajar,travail,genug,????,??,???,???????,????????
could,podr횄혘횂짯a,pu,h채tte,?????,????????,??,????????,????
sense,sentido,sens,Sie,??,???,??,???????,??
let's go,vamos,allons,gesucht,?????,?????,??,????,??????
whore,puta,putain,Sind,????,?,?,???,???
idea,idea,id횄혘횂혘횄혗횂짤e,Tage,????,??,?,?????????,???
against,contra,contre,sprechen,?????,??,??,????,?????
goodbye,adi횄혘횂쨀s,revoir,Moment,????,??,??,????,??
heard,escuch횄혘횂쨀,entendu,Liebe,??,?,?,?????,?????
understand,entender,comprends,alle,??????,??,??,?????????,???
pass,gastar,passer,Stunde,????,??,??,???,????
during,durante,pendant,Dann,??,????,??,?????,??
find,encontrar,trouver,sp채t,?????,??,??,???????,???
a few,algunas,quelques,t철ten,???,??,?,????,?????
come,venir,vient,Eh,???,??,?,?,??
old,viejo,vieux,von,?,?,?,of,??
would have,tendr횄혘횂짯a,aurait,Freund,????,??,??,??????,?????
attention,atenci횄혘횂쨀n,attention,klein,????,???,??,?????,????
request,pedido,demande,verlassen,????,???,??,????????,??????
seek,buscar,chercher,M채nner,????,??,??,??????,???????
below,abajo,sous,wissen,????,??,??,????????,?????
can,poder,pouvez,helfen,?????,???,??,????,???
here is,aqu횄혘횂짯 est횄혘횂징,voici,wissen,????,??,??,????????,?????
could,podr횄혘횂짯a,pourrait,Jungs,????,???,???,?????????,??????
blood,sangre,sang,Chance,????,????,??,????????,????
friends,amigos,amis,Wie viel,?? ???,???,??,???????,?????
to go out,salir,sortir,so viel,?????,????,??,???????,???? ??????
question,pregunta,question,wei횩,????,?????,??,????????,????? ??
come,venir,venez,gehen,????,??,?,???,????
stay,permanecer,rester,Auto,?????,?,?,????,???
brother,hermano,fr횄혘횂혘횄혗횂짢re,genommen,?????,????,??,??????????????,????
city,ciudad,ville,Ausgabe,?????,??,??,?????????,??????
finished,finalizado,fini,Heute,?????,??,??,?????,??
new,nuevo,nouveau,schneiden,????,???,?,??????,?????
them,a ellos,eux,T체r,???,??,?,????,??????
thing,cosa,truc,w채re,?????,???,??,???????? ?????,????
hold,sostener,tiens,nehmen,????,??,?,????????? ???????????,????
eyes,ojos,yeux,kommen,????,??,?,?????????,???
leave alone,dejar solo,laisse,arbeiten,???,??,??,????,???
dude,dudar,mec,k철nnte,??????,???,??,????????,????
beautiful,precioso,belle,Familie,?????,??,??,?????????,??????
police,polic횄혘횂짯a,police,allein,????,???,???,??????,?????
only,solamente,seulement,Sinn,????,???,??,??????,???
imported,importado,importe,lass uns gehen,???? ????,?????,????,???????,?? ??
hours,horas,heures,Hure,?????,???,??,????,??????
water,agua,eau,Idee,????,????,??,?????,?????
because,porque,car,weder,??,???????,????,?????,??? ?? ????
great,excelente,super,gegen,??,????,??,??????,???????
case,caso,cas,Verabschiedung,?? ???????,?????,??,??????????,??????
are going,van,vont,geh철rt,???,???,??,???????????????,????
kill,matar,tu횄혘횂혘횄혗횂짤,verstehen,????,????,??,????????,?????
earth,tierra,terre,passieren,???,??,??,????,????????
place,lugar,place,w채hrend,????,???,??,????,?????
together,juntos,ensemble,finden,???,??,??,?????????,????
kind,amable,type,finden,???,??,??,?????????,????
beautiful,hermoso,beau,ein paar,?????,????,??,??? ???,???
pardon,indulto,pardon,kommen,????,??,?,?????????,???
towards,hacia,vers,alt,????,??,??,????,??????
none,ninguno,aucun,h채tte,?????,????????,??,????????,????
war,guerra,guerre,Aufmerksamkeit,??????,??,???,?????,?????
find,encontrar,trouve,Anfrage,???,?????,??,????????,??????
part,parte,partie,suchen,????,???,??,?????????,????
following,siguiente,suite,unten,???,??,??,????,????
pray,orar,prie,d체rfen,??????,???,?,????????,?? ????
Understood,Comprendido,compris,hier ist,???,???,??,?????,???? ??
arrived,lleg횄혘횂쨀,arriv횄혘횂혘횄혗횂짤,k철nnte,??????,???,??,????????,????
mrs,se횄혘횂짹ora,mme,Blut,??,?,?,???????,???
their,su,leurs,Geschichte,?????,??,??,??????,??????
were,eran,횄혘횂혘횄혗횂짤taient,Freunde,??????,??,???,?????????,?????
put,poner,mettre,ausgehen,??????,????,??,?????? ?????,???? ???? ?? ???
Morning,Ma횄혘횂짹ana,matin,Frage,????,??,??,??????,????
help,Ayuda,aide,kommen,????,??,?,?????????,???
above,arriba,dessus,bleiben,????,????,??,????,????
be,ser,sois,Bruder,??,??,??,????????,???
END,FIN,fin,Stadt,?????,?,??,?????,???
lost,perdido,perdu,fertig,?????,????,???,?????????,????
young,joven,jeune,neu,????,???,??,???????,???
Dear,Cari횄혘횂짹o,ch횄혘횂혘횄혗횂짤rie,ihnen,??,??,??,???????????,??????
first,primero,premier,Ding,???,??,??,??????,????
wait,esperar,attendez,halten,????,??,??,????,??????
child,ni횄혘횂짹o,enfant,Augen,????,?,??,??????,?????
given,dado,donne,Monat,???,?,?,?????,?????
came,vino,venu,allein lassen,????? ??????,??,????,?????? ????,????? ???? ??
side,lado,c횄혘횂혘횄혗횂쨈t횄혘횂혘횄혗횂짤,Alter,?? ?????,??,??,???,?????
bedroom,habitaci횄혘횂쨀n,chambre,eine lange Zeit,??? ????,???,????,??? ????? ?????,?? ???? ???
far,lejos,loin,Sch철n,????,???,???,????,?????
give,dar,donner,Polizei,????,??,??,?????,?????
should,deber횄혘횂짯a,devrais,nur,???,??,???,???????,????
to leave ,dejar,laisser,importiert,??????,??,??,????????? ?????????????,??????
fire,fuego,feu,Std.,?????,??,??,???,????
ie,es decir,ie,Wasser,???,?,?,???????,????
train,tren,train,Weil,???,????,??,???????,???????
fat,grueso,gros,Gro횩artig,????,?????,???,?????,????
account,cuenta,compte,jede,??,????,??,???????????,????????
s,s,s,Fall,????,??,??,??????,?????
knew,sab횄혘횂짯a,savais,gehen,??????,????????,??,???????,?? ??? ???
speak,hablar,parl횄혘횂혘횄혗횂짤,t철ten,???,??,?,????,?????
first,primero,premi횄혘횂혘횄혗횂짢re,Erde,???,??,??,????,????
last,횄혘횂쨘ltimo,derni횄혘횂혘횄혗횂짢re,Ort,????,??,??,????,???
minutes,minutos,minutes,Hand,???????,?,?,??,???
none,ninguno,aucune,zusammen,????,???,??,??????,?? ???
husband,marido,mari,Art,????,??,??,?????,?????
Finally,Finalmente,enfin,Sch철n,????,???,???,????,?????
Mrs,se횄혘횂짹ora,madame,Begnadigung,???,??,??,?????????,?????
should,deber횄혘횂짯a,devrait,in Richtung,????,?????,?,???????,?? ??
put,poner,mis,keiner,?? ???,??,????,???????????,??? ????
movie,pel횄혘횂짯cula,film,Krieg,???,??,??,????,?????
women,mujer,femmes,finden,???,??,??,?????????,????
strong,fuerte,fort,Teil,???,??,??,?????,???
could,podr횄혘횂짯a,pourrais,folgen,??????,??,???,???????????,????
listen,escuchar,횄혘횂혘횄혗횂짤coute,beten,????,??,??,???????????,????????? ????
country,pa횄혘횂짯s,pays,vorne,????,??,??,????????,?????
left,izquierda,parti,Verstanden,??????,????,??,???????? ?????????????,????
affair,amor횄혘횂짯o,affaire,angekommen,???,????,???,?????????????,??????
place,lugar,endroit,Frau,???????,??,??,???????,???????
body,cuerpo,corps,ihre,???,???,???,????????,????
mad,loco,fou,war,???,???,?,????????,??
live,vivir,vivre,setzen,???,??,?,????,????
ready,listo,pr횄혘횂혘횄혗횂짧t,Morgen,????,?,??,????,????
of which,cuyo,dont,helfen,?????,???,??,????,???
hope,esperanza,esp횄혘횂혘횄혗횂짢re,체ber,???,???,??,????,???
big,grande,grande,Sei,????,??,?,???,????
cause,causa,cause,Geschlecht,???,??,??,???????,????
point,punto,point,ENDE,?????,???,??,??????,???
girls,chicas,filles,verloren,????,???,???,???????,?? ???
out,afuera,dehors,jung,???,??,???,????,????
yesterday,ayer,hier,Liebling,?????,????,???,?????,?????
job,trabajo,boulot,Erste,?????,??,???,?????,????
thought,pensamiento,pensais,Warten,?????,???,??,????????,???????
boy,ni횄혘횂짹o,gar횄혘횂혘횄혗횂짠on,Kind,???,??,??,???????,?????
Sorry,Lo siento,d횄혘횂혘횄혗횂짤sol횄혘횂혘횄혗횂짤e,gegeben,???,?????,??,?????????????,???? ???
five,cinco,cinq,kam,???,??,??,??????,???
chief,jefe,chef,w체rde gerne,?? ??? ??,??????,??,??????????????,???? ???????
h,H,h,Rechts,????,?,???,???,???
Thus,De este modo,ainsi,Seite,????,?,?,????,??
high,alto,haut,Schlafzimmer,???? ???,??,??,??????????,???? ?? ????
the one,el 횄혘횂쨘nico,celui,weit,????,??,??,??????,???
request,pedido,demand횄혘횂혘횄혗횂짤,geben,????,???,?,?????????,????
would say,dir횄혘횂짯a,dirait,sollen,???,???,??,????????,?????
baby,Beb횄혘횂짤,b횄혘횂혘횄혗횂짤b횄혘횂혘횄혗횂짤,verlassen,?????,??,??,???????,???? ????
school,Escuela,횄혘횂혘횄혗횂짤cole,Feuer,???,?,?,??,??
full,lleno,plein,spielen,????,??,?,?????????????,???
hands,manos,mains,dh,??,????,IE,??????,??????
years,a횄혘횂짹os,ann횄혘횂혘횄혗횂짤es,Zug,????,??,??,???????????,????????
say,decir,dites,fett,????,??,??,????????,????
new,nueva,nouvelle,Konto,????,?????,??,??????,????
eat,comer,manger,S,?,s,s,???,??
doctor,doctor,docteur,wusste,???,?????,??,????????,????? ??
round,redondo,tour,sterben,???,??,?,?????,????
believe,creer,croire,Leistung,???,?,??,?????,?????
those,aquellos,ceux,sehen,????,??,?,????,?????
instead,en cambio,plut횄혘횂혘횄혗횂쨈t,sprechen,?????,??,??,????,?????
walk,caminar,marche,gegeben,???,?????,??,?????????????,???? ???
truth,verdad,v횄혘횂혘횄혗횂짤rit횄혘횂혘횄혗횂짤,Erste,?????,??,???,?????,????
envy,envidiar,envie,werde haben,??? ???? ???,??????,??,?????????,????
captain,capit횄혘횂징n,capitaine,zuletzt,???,??,???,?????,?????
e,mi,e,Protokoll,?????,?,??,??????????,????
Stop,parar,arr횄혘횂혘횄혗횂짧ter,keiner,?? ???,??,????,???????????,??? ????
business,negocio,affaires,Ehemann,???,?,??,?????,???
Soon,Pronto,bient횄혘횂혘횄혗횂쨈t,Endlich,??????,???,??,????????,??? ???
view,vista,vue,Frau,???????,??,??,???????,???????
ask,preguntar,demander,Weg,????,??,??,???,??????
last,횄혘횂쨘ltimo,dernier,sollen,???,???,??,????????,?????
moment,momento,instant,setzen,???,??,?,????,????
try,intentar,essaie,Film,????,??,??,????,???????
arrive,llegar,arriver,Frauen,????,??,??,???????,???
make,hacen,font,stark,???,??,??,??????,??????
behind,detr횄혘횂징s,derri횄혘횂혘횄혗횂짢re,k철nnte,??????,???,??,????????,????
to fall,caer,tomber,H철ren,?????,??,?,?????????,?????
almost,casi,presque,Land,????,?,??,????,???
wanted to,quer횄혘횂짯a,voulait,links,????,?,??,????,????
best,mejor,meilleur,Aff채re,???,??????,??,????????,?????
number,n횄혘횂쨘mero,num횄혘횂혘횄혗횂짤ro,Ort,????,??,??,????,???
DR,DR,dr,K철rper,???,?,??,????,????
daytime,tiempo de d횄혘횂짯a,journ횄혘횂혘횄혗횂짤e,Ia,I ?,ia,ia,Ia,??? ??
to call,llamar,appeler,verr체ckt,?????,???,???,?????????,????
dollars,d횄혘횂쨀lares,dollars,live,????,???,??,???,????
vs,VS,c,bereit,?????,??????,???,?????,?????
to wait for,esperar,attendre,von welchem,????,?????,??,????? ???????,????? ??
guard,guardia,garde,Hoffnung,????,??,??,?????????,???
remember,recordar,souviens,gro횩,????,???,??,???????,????
hard,duro,dur,Ursache,???,??,??,??????,????
will be,ser횄혘횂징,serai,Punkt,????,????,??,??????,?????
desk,despacho,bureau,M채dchen,?????,???,???,???????,????????
see,ver,voyez,aus,????,?,??,??????,????
on board,a bordo,abord,gestern,???,??,??,??????,??
important,importante,important,Arbeit,?????,??,??,????,???
must,tengo que,devez,Gedanke,?????,??,??,???????,????
ben,ben,ben,Junge,???,???,??,???????,?????
penalty,multa,peine,schlie횩en,????,??,??,??????????,??? ????
course,clase,cours,Entschuldigung,???,???,???,????????????,????? ??????
will,voluntad,fera,f체nf,????,?,?,?????,????
takes,acepta,prend,Chef,????,???,??,??????,???????
lord,caballero,seigneur,H,?,h,H,?,??
enough,suficiente,suffit,Daher,????,?????,??,??????,?? ??????
road,camino,route,hoch,????,??,??,???????,????
they,ellos,ils,der Eine,??????,??,?????,?????,??
minute,minuto,minute,Anfrage,???,?????,??,????????,??????
Good evening,Buenas noches,bonsoir,w체rde sagen,?????,??????,??,????????,???? ????
game,juego,jeu,Baby,???,????,??,???????,?????
believed,cre횄혘횂짯do,croyais,m철glich,????,??,???,?????????,????
pleasure,placer,plaisir,Schule,?????,??,??,?????,????????
would like,gustar횄혘횂짯a,voudrais,voll,??????,??,??,????,??? ???
happy,feliz,heureux,H채nde,??????,?,?,?????,???
word,palabra,mot,Jahre,????,?,?,????????,???
music,m횄혘횂쨘sica,musique,sagen,????,??,?,?????,????
gentlemen,caballeros,messieurs,neu,????,???,??,???????,???
take,llevar,prenez,essen,????,???,?,?????????????,???
calm,calma,calme,Arzt,????,??,??,??????????,????????
parents,padres,parents,runden,?????,????,???,??????,???
o,O,o,glauben,?????,???,??,??????????,???????
inside,adentro,dedans,diese,?????,????,??,???,??
crazy,loco,fous,vier,?????,?,??,??????,???
Stop,Detener,arr횄혘횂혘횄혗횂짧tez,stattdessen,????? ??,?????,??,?????? ??????,????
marriage,casamiento,mariage,gehen,????,??,?,??,?????
enter,Entrar,entrer,Woche,?????,?,??,?????,??????
to return,regresar,rentrer,Wahrheit,?????,??,??,?????,??
has,tiene,ait,Neid,???,??,??,??????,???????
bed,cama,lit,Kapit채n,???? ???????,?????,??,???????,??????
sees,visi횄혘횂쨀n,voit,e,?,e,e,e,?
as much,como mucho,autant,Stoppen,??,??,??,????????,?????
come back,regresar,reviens,Gesch채ft,???,??,??,????,???????
Perfect,Perfecto,parfait,Bald,??????,??,??,????????,???? ??
heart,coraz횄혘횂쨀n,coeur,Sicht,????,???,??,??????,?????
this,este,ceci,fragen,????,??,?,?????????,?????
service,servicio,service,zuletzt,???,??,???,?????,?????
phone,tel횄혘횂짤fono,t횄혘횂혘횄혗횂짤l횄혘횂혘횄혗횂짤phone,Moment,????,??,??,????,??
poor,pobre,pauvre,versuchen,?????,??,??,???????,?????
waits,murga,attend,ankommen,???,??,??,?????,???
will go,ir횄혘횂짤,ira,machen,????,??,??,?????,?????
Sometimes,A veces,parfois,solch,???,?????,???,???????,???
L,L,l,hinter,???,???,???,????????,????
back,atr횄혘횂징s,retour,fallen,???? ?? ????,???,??,???,????? ?? ????
has,tiene,횄혘횂혘횄혗횂징,fast,??????,????,??,???????????,????
glass,vaso,verre,wollte,???? ??,?????,??,????????,????? ??
think,pensar,pens횄혘횂혘횄혗횂짤,am besten,????,??,???,??????,???????
six,seis,six,Nummer,???,??,??,???,??????
impossible,imposible,impossible,DR,?????,??,??,???????,??
likes,gustos,aimes,Tageszeit,??????,??,??,?????????,???
pay,paga,payer,anrufen,???????,????,???,??????,???? ????
easy,f횄혘횂징cil,facile,Dollar,???????,??,??,????????,????
master,maestro,ma횄혘횂혘횄혗횂짰tre,vs,??,vs,vs,vs,????
new,nuevo,new,warten auf,???????,???,??,???????????,?? ??? ????????? ????
called,llamado,appel횄혘횂혘횄혗횂짤,Vertrauen,???,??,??,?????????,???????
bad,malo,mauvais,bewachen,????,???,??,??????,?????
general,general,g횄혘횂혘횄혗횂짤n횄혘횂혘횄혗횂짤ral,erinnern,?????,???,??,????????,??? ????
doubt,duda,doute,hart,???,???,??,?????????,???????
prison,prisi횄혘횂쨀n,prison,wird sein,??? ????,????????,?,?????????,????
adore,adorar,adore,Schreibtisch,????,?,??,????,????
hear,escuchar,entends,sehen,???,??,?,???????,?????
forget,olvidar,oubli횄혘횂혘횄혗횂짤,an Bord,??? ??? ?????,???,???,????????,????
arm,brazo,bras,wichtig,???,??,???,??????????,??????????
Exactly,Exactamente,exactement,m체ssen,??? ??,?????????,??,????????,?? ???? ??
party,fiesta,f횄혘횂혘횄혗횂짧te,Ben,??,??,?,????,???
coffee,caf횄혘횂짤,caf횄혘횂혘횄혗횂짤,Strafe,????,?????,??,??????,???
Dear,Estimado,ch횄혘횂혘횄혗횂짤ri,Kurs,????,???,??,???????,????
go outside,Salir afuera,sors,Wille,???,??,??,?????????,?????
kind,amable,gentil,nimmt,????,??,?,?????????,???? ??
think,pensar,penser,Herr,??,?,?,???????,?????
worth,valer,vaut,genug,????,??,???,???????,????????
place,lugar,lieu,Stra횩e,????,?,?,????,????
to change,cambiar,changer,Arsch,?????,??,??,?????,???
king,rey,roi,Sie,??,???,??,???????,??
begin,comenzar,commence,Minute,?????,?,??,??????????,????
hear,escuchar,entendre,Guten Abend,???? ?????,?????,???,???? ???????,??? ??????
president,presidente,pr횄혘횂혘횄혗횂짤sident,Spiel,????,???,??,??????????,???
to work,trabajar,travailler,geglaubt,?????,?????,??,??????????????,???? ???? ?? ??
everywhere,en todos lados,partout,Bauernhof,?????,??,??,?????,???
dead,muerto,morts,Vergn체gen,????,??,??,??????,????
give back,devolver,rendre,M철chte,?? ???,???,?,??????????????,???????
writing,escribiendo,횄혘횂혘횄혗횂짤crit,Gl체cklich,????,????,???,??????????,???
team,equipo,횄혘횂혘횄혗횂짤quipe,Wort,????,??,??,?????,????
plays,obras de teatro,joue,Musik,??????,??,??,???,?????
I,I,i,Hund,???,?,?,????,??????
Otherwise,De lo contrario,sinon,Herren,?????? ?????????,??,???,???????????,???????
spirit,esp횄혘횂짯ritu,esprit,nehmen,????,??,?,????????? ???????????,????
look,mirar,regarder,ruhig,????,?????,???,??????????,????
go home,Vete a casa,rentre,Eltern,????,??,??,????????,???????
plan,plan,plan,횜,?,o,o,?,??
heart,coraz횄혘횂쨀n,c횄혘횂혚횄혗횂혫ur,innen,????,??,??,?????,????
want,desear,veulent,verr체ckt,?????,?????,???,?????????,????
to show,mostrar,montrer,Stoppen,??,??,??,????????,?????
desired,deseado,voulu,Hochzeit,????,??,??,????????,????
drink,beber,boire,eingeben,????,??,??,??????????,?????? ????
work,trabajar,travaille,zur체ckgeben,??? ????,??,??,???????,????? ?? ????
own,propio,propre,hat,????,?????,?,??????,??
year,a횄혘횂짹o,ann횄혘횂혘횄혗횂짤e,Bett,????,???,?,???????,??????
state,estado,횄혘횂혘횄혗횂짤tat,sieht,???,???,??,???????????,????? ??
be,ser,soyez,So viel,????,???????,????,???????,???? ??????
drink,beber,bois,Komm zur체ck,??,?????,??,???????? ??,???? ??
look for,buscar,cherche,Perfekt,?????,??,???,??????,?????
leave alone,dejar solo,laiss횄혘횂혘횄혗횂짤,Herz,???,??,?,?????,???
to try,probar,essayer,Das,???,??,?,???,??
of the,desde,d횄혘횂혘횄혗횂짢s,Service,????,????,??,????,????
seems,parece,semble,Telefon,????,??,??,????????,????
ies,fondos,ies,arm,????,???,???,???,????
ten,diez,dix,Vermissen,?????,??,??,??????,???
did,hizo,faisait,wartet,?????,??????,??,???????????????,?????
awesome,impresionante,g횄혘횂혘횄혗횂짤nial,lustig,????,???,???,???????????,???????
thinking,pensamiento,penses,werde gehen,?????,????,??,???????,?? ???
security,seguridad,s횄혘횂혘횄혗횂짤curit횄혘횂혘횄혗횂짤,Manchmal,??????,??,??,??? ??????????,???-???
early,pronto,t횄혘횂혘횄혗횂쨈t,L,?,l,l,???,??
army,ej횄혘횂짤rcito,arm횄혘횂혘횄혗횂짤e,zur체ck,???,??,??,????????,????
lose,perder,perdre,hat,????,?????,?,??????,??
d,d,d,Glas,????,???,??,???????,????
talk,hablar,parles,denken,????,???,??,?????????????,?????
notice,aviso,avis,sechs,???,?,?,???,??
Above all,sobretodo,surtout,Das,???,??,?,???,??
difficult,dif횄혘횂짯cil,difficile,unm철glich,??????,???,????,?????????????,?????
york,York,york,wird tun,??? ????,???,??,????????,??????
sleep,dormir,dormir,Likes,?????????,???,??,??????????,???? ??
Next,Pr횄혘횂쨀ximo,ensuite,zahlen,????,???,??,?????????????,????
listen,escuchar,ecoute,einfach,???,??,???,??????,????
simple,sencillo,simple,Meister,????,????,??,????,?????
was going to,iba a,allait,neu,????,???,??,???????,???
peace,paz,paix,angerufen,????????,????????,??,???????????????,??????
dead,muerto,morte,schlecht,???,??,??,??????,????
armed,armado,arme,allgemein,???,????,???,?????,???????
subject,sujeto,sujet,zweifeln,??,??,??,????????,?????
delay,demora,retard,Gef채ngnis,???,???,??,????????,???????
let's see,vamos a ver,voyons,verehren,????,?????,??,??????,????? ???? ???
book,libro,livre,Fehler,???,???,??,????,????
can,poder,peuvent,h철ren,????,??,??,????,????
dirty,sucio,sale,vergessen,????,???,??,??????????,??? ???
would be,ser횄혘횂짯a,serais,Arm,????,?,??,??,???
often,frecuentemente,souvent,genau,??????,????,???,??????,???????
year,a횄혘횂짹o,an,Party,???,?????,??,?????,??
except,excepto,sauf,Kaffee,????,????,??,?????????? ????,????
choice,opcion,choix,Liebling,?????,????,???,?????,?????
certainly,ciertamente,s횄혘횂혘횄혗횂쨩rement,geh nach draussen,????,??????,??,?????? ????,???? ???
have been,ha sido,횄혘횂혘횄혗횂짤tiez,Art,????,??,??,?????,?????
gold,oro,or,denken,????,???,??,?????????????,?????
face,rostro,visage,Wert,?????,??,??,???????,????
order,orden,ordre,John,???,???,??,????,???
to understand,comprender,comprendre,Ort,????,??,??,????,???
try,intentar,essay횄혘횂혘횄혗횂짤,krank,????,??,???,????????????????,?????
dinner,cena,d횄혘횂혘횄혗횂짰ner,K철nig,????,?,??,????,????
age,edad,횄혘횂혘횄혗횂짖ge,beginnen,????,???,??,???????,????
path,camino,chemin,h철ren,????,??,??,????,????
exchange,intercambio,chang횄혘횂혘횄혗횂짤,Pr채sident,????,??,??,????????,???????
end ,fin,bout,arbeiten,?????,?????,??,????????,??? ???? ?? ???
face,rostro,face,체berall,?? ?? ????,?????,??,????? ???????????,?? ???
Street,Calle,rue,Liebling,?????,????,???,?????,?????
photo,foto,photo,tot,???,???,??,??????????????,???
go,ir,all횄혘횂혘횄혗횂짤,zur체ck geben,????,???????,??,???????? ?????,???? ????
serious,serio,s횄혘횂혘횄혗횂짤rieux,Schreiben,?????,????,??,????????,?????
sky,cielo,ciel,Team,????,???,??,???,???
friend,Amiga,amie,Theaterst체cke,????,??,??,?????????,??????
questions,preguntas,questions,ICH,???,?,?,????,???
J,J,j,Ansonsten,???? ???,?????,??,???????????,??????
keep,mantener,garder,Geist,???,??,??,???,?????
small,peque횄혘횂짹o,petits,sehen,????,??,?,????,?????
to pull,para tirar,tirer,nach Hause gehen,???? ??????,????,??,?????????? ????,?? ???
millions,millones,millions,planen,????,???,??,???????,?????
severe,severo,grave,Herz,???,??,?,?????,???
walk,caminar,march횄혘횂혘횄혗횂짤,wollen,????,???,?,????????,?????
news,noticias,nouvelles,zeigen,?????,????,???,?????????,????? ????
voice,voz,voix,gew체nscht,?????,????,??,?????????,??????
could,podr횄혘횂짯a,pouvais,trinken,????,??,?,?????,????
fluent,fluido,courant,arbeiten,???,??,??,????,???
about,acerca de,propos,eigen,???,???,???,??????????,????
boat,bote,bateau,Jahr,???,?,?,?????,????
forget,olvidar,oublie,Zustand,?????,?,??,????,?????
stupid,est횄혘횂쨘pido,con,Sei,????,??,?,???,????
that,eso,celle,trinken,????,??,?,?????,????
LEFT,IZQUIERDA,gauche,Suche,???,??,??,????,???? ?? ???
price,Premio,prix,T,?,t,t,??,??
red,Rojo,rouge,allein lassen,????? ??????,??,????,?????? ????,????? ???? ??
plane,avi횄혘횂쨀n,avion,versuchen,??? ?????,?????,??,??????? ?????,??????? ????
become,volverse,devenir,des,??????,?,?,of,??
duty,deber,devoir,scheint,????,????,??,?????????,??????
next,pr횄혘횂쨀ximo,prochaine,ies,IES,????,?,??????,?????
Stay,Permanecer,restez,Jack,???,????,??,????,???
buy,comprar,acheter,zehn,????,?,?,?????,??
journey,viaje,voyage,tat,???,??,??,???????,????
sort,clasificar,sorte,Eindrucksvoll,????,?????,???,?????,???? ??????
long,largo,long,Denken,???????,??,??,???????,???
species,especies,esp횄혘횂혘횄혗횂짢ce,Sicherheit,?????,??,??,??????????,???????
silly,tonto,idiot,fr체h,????,??,???,?????,?????
mouth,boca,gueule,setzen,???,??,?,????,????
move,mover,bouge,Traum,???,?,?,????,????
keep on going,contin횄혘횂쨘a,continue,Armee,???,?,??,????????,????
spell,deletrear,sort,verlieren,????,??,??,?????,????
grace,gracia,gr횄혘횂혘횄혗횂짖ce,D,?,d,d,d,??
problems,problemas,probl횄혘횂혘횄혗횂짢mes,sprechen,?????,??,??,??????,??? ????
some,alguno,certains,beachten,?????,???,??,?????????,?????
boss,jefe,patron boss,횥ber alles,??? ????,????,??,????????????? ?????,???? ???
safe,seguro,s횄혘횂혘횄혗횂쨩re,schwierig,???,???,??,??????,????
received,recibi횄혘횂쨀,re횄혘횂혘횄혗횂짠u,York,????,???,??,??????,?????????
stuff,cosa,trucs,schlafen,????,??,??,??????,????
had,ten횄혘횂짯a,avaient,N채chste,??????,?,???,????????,????
open,abierto,ouvre,schlechter,????,??,??,????????,??????? ????
promised,prometido,promis,H철ren,?????,??,?,?????????,?????
tea,t횄혘횂짤,the,einfach,????,??,???,????,???
uncle,t횄혘횂짯o,oncle,ging zu,??? ????? ???,??????,???,?????????????????????,?? ??? ?? ??? ??
uh,oh,euh,Frieden,????,??,??,????????,?????
know,saber,connaissez,tot,???,???,??,??????????????,???
leave,dejar,laissez,bewaffnet,????,??,??,??????,???????
owe,deber,devons,Thema,?????,??,??,??????,????
Welcome,Bienvenido,bienvenue,Verz철gerung,?????,??,??,??????,????
busy,ocupado,occupe,mal sehen,???? ???,???????,??????,??????????,??? ????? ???
alla,alla,allais,Buch,????,?,?,????,?????
camp,acampar,camp,gelernt,?????,???,???,?????,????
lack,falta,manque,d체rfen,??????,???,?,????????,?? ????
sun,sol,soleil,schmutzig,????,??,???,???????,????
was to,era para,devait,w채re,?????,???,??,???????? ?????,????
pars,pars,pars,oft,??????,??,??,????????????,?????
could,podr횄혘횂짯a,pouvait,Jahr,???,?,?,?????,????
hair,pelo,cheveux,au횩er,??????,?????,??,????,?? ?????
weapons,arma,armes,Auswahl,????,??,??,??????,????
Think,Pensar,pensez,sicherlich,????????,???,??,?????????,??????? ??? ??
room,habitaci횄혘횂쨀n,salle,gewesen sein,??? ???,?????,??,???????????????,???
believe,creer,croyez,Gold,???,?,??,??????,????
weird,extra횄혘횂짹o,bizarre,Gesicht,???,?,?,?????,?????
earn,ganar,gagner,Befehl,???,??,??,???????,????
begin,comenzar,commenc횄혘횂혘횄혗횂짤,verstehen,????,???????,??,???????????????????,??? ???
bottom,abajo,fond,versuchen,?????,??,??,???????,?????
save,ahorrar,sauver,Schwarz,????,?,???,???????,????
piece,pedazo,pi횄혘횂혘횄혗횂짢ce,Abendessen,????,??,??,???? ????,??? ?? ????
error,error,erreur,Alter,???,?,??,????,???
elsewhere,en otra parte,ailleurs,Weg,????,??,??,????,??
report,relaci횄혘횂쨀n,rapport,Austausch,?????,??,??,??????????,????-????
cold,fr횄혘횂짯o,froid,Ende,?????,???,??,??????,???
learn,aprender,apprendre,Gesicht,???,?,?,?????,?????
scene,escena,sc횄혘횂혘횄혗횂짢ne,Stra횩e,????,??,??,????,???
secret,secreto,secret,Sorge,????,??,??,????,?????
bag,Bolso,sac,Foto,????,??,??,??????????,??????
second,el segundo,seconde,gehen,????,??,?,???,????
believed,cre횄혘횂짯do,cru,Menschen,?????,??,??,??????,???
to come back,volver,revenir,Himmel,????,?,??,?????,????
beat,batir,battre,Ehre,???,??,??,???????,??????
hotel,hotel,h횄혘횂혘횄혗횂쨈tel,Freund,????,??,??,??????,?????
evening,noche,soir횄혘횂혘횄혗횂짤e,Fragen,?????,??,??,?????????,?????
will have,tendr횄혘횂징,aurai,St채rke,???,??,??,?????,????
feet,pies,pieds,J,?,j,j,??,??
map ,mapa,carte,halten,????,??,??,??,????
not,no,n,klein,????,???,??,?????,????
foot,pie,pied,ziehen,????,????,?,??????,??????
band,banda,groupe,Millionen,??????,???,??,?????????,?????
coming,pr횄혘횂쨀ximo,venue,schwer,????,???,??,????????,?????
mounted,montado,monte,gehen,????,??,?,??,?????
agent,agente,agent,Nachricht,?????,????,??,??????,??????
had to,tuve que,fallait,Stimme,???,?,??,?????,?????
effect,efecto,effet,Wochen,??????,?,??,????????,??????
free,libre,libre,k철nnte,??????,???,??,????????,????
cum,semen,foutre,flie횩end,????,??,??,??????,????????
mess,desorden,bordel,um,??,????,??,?????,?? ???? ???
words,palabras,mots,Boot,????,???,?,????,???
nine,nuevo,neuf,vergessen,????,???,??,??????????,??? ???
drawn,dibujado,tire,dumm,???,??,???,????????,?????
fake,falso,faux,Das,???? - ????,??,?,????,??
kill,matar,tue,LINKS,????,?,??,????,????
light,luz,lumi횄혘횂혘횄혗횂짢re,begeistert,?????? ?????,???????,??,???????????,????????
old,viejo,vieille,Preis,???,??,??,????,????
RIGHT,derecha,droite,Rot,????,?,???,???????,???
standing,de pie,debout,Hunger,???,??,??,???,???
Christmas,Navidad,no횄혘횂혘횄혗횂짬l,w체rdest du,?????,???,??,????????,??????
horse,caballo,cheval,Flugzeug,?????,???,??,???????,?????
interior,interior,int횄혘횂혘횄혗횂짤rieur,werden,????,??,??,??,????
Listen,Escuchar,횄혘횂혘횄혗횂짤coutez,Pflicht,????,??,??,????,???????
pretty,"bonito, lindo",joli,n채chste,??????,?,???,????????,????
won,ganado,gagn횄혘횂혘횄혗횂짤,Bleiben,????,????,??,????,????
law,ley,loi,kaufen,?????,??,?,?????,??????
Come in,Adelante,entrez,Reise,????,?,??,?????,??????
aura,aura,auras,Sortieren,???,??,??,??????????,???? ?? ?????
letter,carta,lettre,lang,????,??,??,?????,????
here,aqu횄혘횂짯,pr횄혘횂혘횄혗횂짤sent,Spezies,????,?,??,???????,??????????
to occupy,para ocupar,occuper,dumm,????,???,???,???????????,?????
know,saber,conna횄혘횂혘횄혗횂짰t,Mund,??,?,?,????,????
had,ten횄혘횂짯a,aviez,Anfang,?????,???,??,???????,??????
lady,dama,dame,bewegen,?????,??,??,??????,???
teacher,maestro,professeur,geh weiter,?????,???????,?????,????? ??????? ???,???? ????
money,dinero,fric,Krankenhaus,??????,??,??,???????????,???????
George,Jorge,george,Fluch,?????,???,??,?????????????,?????
find,encontrar,retrouver,Anmut,????,??,??,?????,???????
corner,esquina,coin,Probleme,?????,??,??,??????????,??????
table,mesa,table,Nachricht,?????,?????,??,??????,?????
colonel,coronel,colonel,manche,???,?????,??,???,???
soul,alma,횄혘횂혘횄혗횂짖me,Chef,????,??,??,????,?????
back,atr횄혘횂징s,dos,sicher,???,??,???,?????????????,????????
Magnificent,espl횄혘횂짤ndido,magnifique,erhalten,????,?????,???,???????????,???????
meet,encontrarse,rencontrer,Sachen,?????,??,??,??????,???????
successful,exitoso,r횄혘횂혘횄혗횂짤ussi,hatte,???,?????,?,????????,??
best,mejor,meilleure,offen,????,???,??,??????,????
remember,recordar,rappelle,versprochen,????,?????,??,??????????,????
calm,calma,tranquille,Tee,???,??,?,??????,???
was,era,fut,Onkel,??,??,??,????,????
hot,caliente,chaud,채h,???,???,?,?,??
to start,comenzar,commencer,wissen,????,??,??,????????,?????
sister,hermana,s횄혘횂혚횄혗횂혫ur,verlassen,????,???,??,????????,??????
act,acto,agit,verdanken,????,?????,?,???????????????,???? ????
cool,Fr횄혘횂짯o,cool,Willkommen,??????,????????,??,????????,??????
The same,Lo mismo,pareil,besch채ftigt,?????,???,???,????????,??????
youth,juventud,jeunes,Alla,????,??,??,?????,?????
joe,Jos횄혘횂짤,joe,Lager,?????,????,?,??????,?????
accident,accidente,accident,Mangel,???,????,??,???????????,???
call,llamar,appel,Sonne,???,??,??,???????,????
birthday,cumplea횄혘횂짹os,anniversaire,war zu,???? ???,?????,?,????????,?? ??? ??? ??
white,"blanco, Blanca",blanc,Pars,????,??,pars,pars,?????
risk,riesgo,risqu횄혘횂혘횄혗횂짤,k철nnte,??????,???,??,????????,????
AVERAGE,PROMEDIO,moyen,Haar,???,?,??,????,???
finished,Terminado,termin횄혘횂혘횄혗횂짤,Waffen,?????,??,??,?????????,"??????, ??????"
completely,completamente,compl횄혘횂혘횄혗횂짢tement,Denken,????,???,??,?????????????,?????
clear,claro,clair,Zimmer,????,??,??,???,????
murder,asesinato,meurtre,glauben,?????,???,??,??????????,???????
sat,se sent횄혘횂쨀,sam,seltsam,????,???,???,??????????????,????
speak,hablar,parlez,verdienen,????,??,?,???????,?????
orders,횄혘횂쨀rdenes,ordres,beginnen,????,???,??,???????,????
said,dicho,disais,unten,???,?,??,????,??
touch,tocar,touche,speichern,????,??,??,???????????,?????
Frank,Franco,frank,St체ck,????,???,?,??????,??????
loans,pr횄혘횂짤stamos,pr횄혘횂혘횄혗횂짧ts,Fehler,???,???,??,????,????
do,hacer,fasse,anderswo,?? ???? ???,????,??,???? ?????????,????
may,puede,puisse,Bericht,?????,??,??,???????,?????????
sent,enviado,envoy횄혘횂혘횄혗횂짤,kalt,????,??,???,??????,????
read,leer,lire,lernen,?????,??,??,????,?????
said,dicho,disait,Szene,????,???,??,??????,?????
fall,caer,tombe,Geheimnis,??,??,??,???????,?????
on,en,su,Tasche,????,???,?,??,????
to walk,andar,marcher,zweite,?????,2?,??,?????????,?????
advance,avance,avance,geglaubt,?????,?????,??,??????????????,???? ???? ?? ??
hated,odiado,d횄혘횂혘횄혗횂짤teste,Hallo,??????,?????,??,???????,??????
shape,forma,forme,zur체ckkommen,?? ????,?????,??,???????? ??,???? ??? ?? ???
has,tiene,횄혘횂혘횄혗횂짖,schlagen,????,???,?,???,????
bad,malo,mauvaise,Hotel,??????,???,??,???????,????
edge,borde,bord,Abend,????,??,??,??????????,???
decided,decidido,d횄혘횂혘횄혗횂짤cid횄혘횂혘횄혗횂짤,werde haben,??? ???? ???,??????,??,?????????,????
sea,mar,mer,Schwester,???,?,??,???????,???
alive,vivo,vivant,F체횩e,???,?,?,???,???
doctor,doctor,m횄혘횂혘횄혗횂짤decin,wird sein,??? ????,????????,?,?????????,????
noon,mediod횄혘횂짯a,midi,Karte,?????,??,??,???????,?????
became,convertirse,devenu,h체bsch,????,????,???,?????,?????
watch,Reloj,montre,nicht,??,??,??,?????,????
to carry,llevar,porter,Fu횩,???,?,?,????,???
real,real,vraie,Band,????,???,??,??????,????
say,decir,disent,Kommen,??,??,??,????????,? ???
would do,har횄혘횂짯a,ferait,montiert,???????,??????????,??,????????????,????????
charlie,charlie,charlie,Agent,????,??????,???,??????,?????????
to know,saber,conna횄혘횂혘횄혗횂짰tre,musste,??? ??? ??,???????????,??,????? ???????????????,???? ????
silence,silencio,silence,Wirkung,?????,??,??,??????,??????
devil,demonio,diable,frei,??,??,???,??????,?????
get out,salir,sortez,wird sein,??? ????,????????,?,?????????,????
Tom,Tom횄혘횂징s,tom,Sperma,??????? ??????????,??,?,???,?????
gift,regalo,cadeau,Durcheinander,????,??,??,????????,??????
Assumed,Ficticio,suppose,W철rter,?????,??,?,????????,????
B,B,b,neun,???,?,?,??????,??
cops,polic횄혘횂짯as,flics,gezeichnet,?????,???????,?,????????????,????????
lawyer,abogado,avocat,gef채lscht,????,??,???,????,????
sworn,jurado,jure,Situation,??????,??,??,??????,?????????
English,Ingl횄혘횂짤s,anglais,t철ten,???,??,?,????,?????
seven,siete,sept,Licht,???,???,?,???,?????
should,deber횄혘횂짯a,devriez,alt,????,??,??,????,??????
half,medio,moiti횄혘횂혘횄혗횂짤,RECHTS,????,?,???,???,???
love,amar,aim횄혘횂혘횄혗횂짤,Stehen,??????,?????,??,??????,???? ??
will be,ser횄혘횂징,serez,Weihnachten,??? ???????,?????,???,???????????,???????
exact,exacto,exact,Pferd,????,?,?,??????,?????
commanding officer,El oficial al mando,commandant,Innere,????????,?????,???,????????,?????? ???
TV,TELEVISOR,t횄혘횂혘횄혗횂짤l횄혘횂혘횄혗횂짤,H철ren,?????,??,?,?????????,?????
disappeared,desaparecido,disparu,h체bsch,????,????,???,?????,?????
line,l횄혘횂짯nea,ligne,gewonnen,???,????,??,???????,??? ???
to like,amar,aimer,Gesetz,?????,?,??,??????,?????
arrival,llegada,arriv횄혘횂혘횄혗횂짤e,Komm herein,????,???????,??,????? ??,???? ???
fat,gordo,grosse,Aura,????,???,??,???,???
simply,simplemente,simplement,toll,????,?????,???,?????????,??????
assignment,asignaci횄혘횂쨀n,mission,Brief,????,??,?,??????,????
hold,sostener,tenir,Hier,???,??,??,?????,????
good,bien,bons,besetzen,?????,????,??,???????????,??? ????
to leave,dejar,quitter,wissen,????,??,??,????????,?????
according to,de acuerdo a,selon,absolut,?????,???,???,??????????,???????
class,clase,classe,hatte,???,?????,?,????????,??
got out,Sali횄혘횂쨀,sorti,Dame,????,???,??,????,?????
people,poblada,peuple,Lehrer,????,??,??,????????,???????
habit,h횄혘횂징bito,habitude,Geld,???,??,?,????,??
way,forma,voie,George,????,????,??,??????,?????
dangerous,peligroso,dangereux,finden,???,??,??,?????????,????
pal,camarada,pote,Ecke,???,????,??,????????,????
shame,l횄혘횂징stima,honte,Tisch,?????,????,??,????,????
encounter,encontrar,rencontr횄혘횂혘횄혗횂짤,Oberst,???????,??,??,??????,?????
Pictures,Fotos,photos,Seele,???,?,??,?????,?????
impression,impresi횄혘횂쨀n,impression,zur체ck,???,??,??,????????,????
crazy,loco,folle,Herrlich,????,??,???,?????????,??????
to write,escribir,횄혘횂혘횄혗횂짤crire,treffen,?????,??,??,?????????,????
follow,seguir,suivre,erfolgreich,????,??,???,??????,???
books,libros,livres,am besten,????,??,???,??????,???????
go,ir,aille,erinnern,?????,???,??,????????,??? ????
return,devolver,retourner,ruhig,????,?????,???,??????????,????
offer,oferta,offre,War,???,???,??,????????,??
song,canci횄혘횂쨀n,chanson,hei횩,???,??,??,?????,????
send,enviar,envoie,HERR,?????,?,??,????,????
hole,agujero,trou,anfangen,?????,?????,??,???????,???? ????
back,atr횄혘횂징s,arri횄혘횂혘횄혗횂짢re,Schwester,???,?,??,???????,???
job,trabajo,poste,Akt,????,??,??,??????,?????
America,America,am횄혘횂혘횄혗횂짤rique,Cool,????,???,???,??????,????
eight,ocho,huit,sanft,????,???,??,???????,????
radio,radio,radio,Das gleiche,??? ?????,??,??,???,?? ???
Paul,Pablo,paul,Jugend,????,??,??,????,????
looks like,parece,ressemble,Joe,??,???,?,???,??
attack,ataque,attaque,Unfall,?????,??,??,???????,????????
kiss,beso,baiser,Anruf,????,??,??,???????,???????
Yet,Sin embargo,pourtant,Geburtstag,??? ?????,???,??,?????? ????,???????
answer,respuesta,r횄혘횂혘횄혗횂짤ponse,Wei횩,????,?,???,??????,?????
known,conocido,connu,beenden,????,????,??,???????,???? ????
k,k,k,Risiko,??????,??,??,??????,?????
asshole,Est횄혘횂쨘pido,connard,muss,???,?????????,??,????????,?????
whore,puta,pute,DURCHSCHNITT,?????,??,???,??????,???
band,banda,bande,fertig,?????,????,???,?????????,????
hell,infierno,enfer,vollst채ndig,???????,???,???,??????????,???? ???
hold,sostener,tenez,klar,????,???,??,???????,??????
renders,renders,rend,Mord,???,??,??,????,?????
such,semejante,tel,Sa,???,?,??,???,????
well done,bien hecho,bravo,sprechen,?????,??,??,????,?????
be,estar,횄혘횂혘횄혗횂짧tre,Gl체cklich,????,????,???,??????????,???
David,David,david,Auftr채ge,?????,??,??,?????????,????
several,varios,plusieurs,sagte,???,???,?,????????,???
exist,existir,existe,ber체hren,????,??,??,????,????
put,pone,met,Frank,????,????,??,????????,??????????
laugh,re횄혘횂짯r,rire,Kredite,??????,???,??,???????,??
odd,extra횄혘횂짹o,횄혘횂혘횄혗횂짤trange,Tun,????,??,?,????,????
example,ejemplo,exemple,Mai,????,5?,??,??,??
had to,tuve que,devais,Mittagessen,????,???,??,???? ????,??? ?? ????
lives,vidas,vit,gesendet,????,????,??,??????????????,????
fight,luchar,combat,lesen,????,??,?,???,?????
rescue,rescate,secours,sagte,???,???,?,????????,???
will have,tendr횄혘횂징,aurez,fallen,????,?,??,????????,?????
bullshit,mierda,conneries,An,???,??,?,???,??
plays,obras de teatro,jou횄혘횂혘횄혗횂짤,gehen,?????,??,?,????????????,???? ?? ???
Michael,Miguel,michael,Vorauszahlung,?????,??,??,????????????,??????
may,puede,pourra,gehasst,???,??,??,???????????????,????
conceived,concebido,imagine,Form,???,?,??,??????,????
bob,Beto,bob,hat,????,?????,?,??????,??
Listen,Escuchar,횄혘횂혘횄혗횂짤coutez,schlecht,???,??,??,??????,????
will say,dir횄혘횂짯a,dirai,Rand,????,?,??,????????,??????
stolen,robado,vol횄혘횂혘횄혗횂짤,entschieden,????,???,??,??????,????? ????
moon,luna,lune,Meer,???,?,?,????,??????
mouth,boca,bouche,lebendig,??? ??? ??????,?????,?,????????,?????
south,sur,sud,Arzt,????,??,??,??????????,????????
dance,bailar,danse,Mittag,??? ???????,??,??,???????,?????
troubles,nubes,ennuis,wurde,????,?????,???,????,?? ???
aim,objetivo,but,betrachten,?????,??,??,??????,????
Ouch,Ay,aie,tragen,?????,??,??,??????,?? ???? ?? ???
out,excepto,hors,real,?????,??,???,????????,????
exit,salida,sortie,sagen,????,??,?,?????,????
,,,w체rdest du,?????,???,??,????????,??????
,,,ignorieren,??????,????,??,???????????????,?????? ????
,,,Charlie,??????,?????,??,??????,??????
,,,wissen,??????,?????,??,???????? ?????,????? ??
,,,Schweigen,?????,??,??,? .???,???
,,,Teufel,?????,??,??,??????,?????
,,,aussteigen,????,????,??,?????? ???,??? ???
,,,Tom,???,??,??,????,???
,,,Geschenk,????,???,??,?????,?????
,,,Vermutet,?????,??,??,????????????,?????
,,,B,?,b,b,B,??
,,,Polizisten,???? ??????,??,??,????????,?????
,,,Rechtsanwalt,?????,???,??,??????????,????
,,,geschworen,??????,???,??,????????,??? ??
,,,Englisch,???????,??,??,????????,?????????
,,,Sieben,????,???,?,???,???
,,,sollen,???,???,??,????????,?????
,,,H채lfte,???,??,??,????,???
,,,Liebe,??,?,?,?????,?????
,,,횥berraschung,??????,??,??,?????????,???????
,,,jede,??,????,??,???????????,????????
,,,wird sein,??? ????,????????,?,?????????,????
,,,genau,??????,????,???,??????,???? ???
,,,kommandierender Offizier,???? ?????,???,??,???????????? ???????,???????? ?????
,,,Fernseher,???????,???,??,????,????
,,,um,???,????,??,??????,??-???
,,,verschwunden,?????,???,???,??????? ?????,???? ???
,,,Linie,??,???,?,???,????
,,,erkl채ren,????,????,??,??????,???????? ????
,,,m철gen,??? ???,???,??,???????,???? ???
,,,Ankunft,????,??,??,?????,????
,,,fett,????,??,??,????????,????
,,,einfach,??????,??,???,???????,????
,,,Abtretung,?????,????,??,?????????,????????
,,,hinaufgehen,??????,???,??,???? ????,??? ???? ?? ???
,,,halten,????,??,??,????,??????
,,,Gut,???,??,??,????,?????
,,,Ball,???,???,?,?????,????
,,,verlassen,?????,??,??,???????,???? ????
,,,entsprechend,???,????,??,???,?? ??????
,,,Klasse,???,???,??,????????,?????
,,,Paris,?????,??,??,??????,?????
,,,rausgekommen,???? ???,??,??,?????? ??????,?????
,,,essen,????,???,?,?????????????,???
,,,Menschen,?????,??,??,??????,???
,,,Gewohnheit,????,?,??,???????,???
,,,Weg,????,??,??,???,??????
,,,gef채hrlich,????,???,???,?????????,??????
,,,Kumpel,????,??,??,??????,?????
,,,Kontrolle,?????,??????,??,???????????,????????
,,,bereit,?????,??????,???,?????,?????
,,,Scham,???,?,??,???????,???? ???
,,,begegnen,?????,???,??,???????????,????? ????
,,,Bilder,???,?????,??,???????,???????
,,,Eindruck,??????,??,??,??????,??????
,,,verr체ckt,?????,?????,???,?????????,????
,,,schreiben,?????,?????,??,????,?????
,,,folgen,????,??????,??,?????????,?????? ????
,,,vergessen,????,???,??,??????????,??? ???
,,,B체cher,???,?,??,???????????,????????
,,,gehen,????,??,?,???,????
,,,zur체ckkehren,????,??,??,???????,???? ????
,,,Angebot,????,????,??,?????,????????
,,,Lied,?????,?,??,?????,????
,,,schicken,????,??,??,???????,?????
,,,Loch,????,?,?,????,???
,,,zur체ck,???,??,??,????????,????
,,,Arbeit,?????,??,??,????,???
,,,Amerika,??????,????,??,?????????,???????
,,,acht,??????,?,?,?????,??
,,,Radio,?????,??,???,??????,??????
,,,Paul,???,???,??,????,???
,,,sieht aus wie,????,???????,??,?????????,?? ??? ???? ??
,,,Attacke,????,??,??,?????????,?????? ????
,,,gestoppt,?????,??,????,???????????????,???? ???
,,,Austausch,?????,??,??,??????????,????-????
,,,Kuss,????,??,?,???????,?????
,,,Noch,??? ????,??,??,???????,??? ??
,,,Antwort,?????,??,??,?????,?????
,,,bekannt,?????,???????,??,???????,?????
,,,k,?,k,k,??,?
,,,Arschloch,??????,????,??,?????,???
,,,lesen,????,??,?,???,?????
,,,Hure,?????,???,??,????,??????
,,,Band,????,???,??,??????,????
,,,H철lle,????,??,??,?????,???
,,,halten,????,??,??,????,??????
,,,Rendern,?????,??????,??,?????????,????????? ????
,,,traurig,????,???,??,?????,????
,,,solch,???,?????,???,???????,???
,,,gut gemacht,?????,?????,???,?????? ?????????,???? ?????
,,,Sei,????,??,?,???,????
,,,wusste,???,?????,??,????????,????? ??
,,,David,?????,????,??,??????,?????
,,,mehrere,????,?????,??,??,????
,,,existieren,????,????,??,??????,????????
,,,setzen,???,??,?,????,????
,,,lachen,????,??,?,????????,?????
,,,Unternehmen,????,??,??,????????,?????
,,,seltsam,????,??,???,??????????,????
,,,Beispiel,????,?,??,????????,??????
,,,musste,??? ??? ??,???????????,??,????? ???????????????,???? ????
,,,Leben,???????,??,??,????????,??????????
,,,k채mpfen,?????,??,??,?????,????? ????
,,,Rettung,????,??,??,??????,????
,,,werde haben,??? ???? ???,??????,??,?????????,????
,,,Bullshit,????,????,??,????????,?????
,,,besuchen,????,??,??,?????,????? ????
,,,Theaterst체cke,????,??,??,?????????,??????
,,,Michael,???????,????,???,????????,?????
,,,Mai,????,5?,??,??,??
,,,schlafen,?????,????,??,?????,???? ?? ???
,,,konzipiert,?????? ????,?????,??,???????????????????,??????
,,,Bob,???,??,??,????,?????
,,,wunderbar,????,?????,???,????????,??????????
,,,weitermachen,????,??,??,????????,???? ????
,,,H철ren,?????,??,?,?????????,?????
,,,werde sagen,??? ????,?????,??,????????,?? ??????
,,,gestohlen,?????,????,??,?????????????,?????? ???
,,,Mond,???,?,??,????,???????
,,,Mund,??,?,?,????,????
,,,S체d,????,?,?,??????,??????
,,,tanzen,?????,???,??,?????,?????
,,,Probleme,?????,????,??,?????????,?????????
,,,Ziel,???,??,??,????????,????????
,,,Autsch,????,??,??,??,???
,,,aus,????,?,??,??????,????
,,,Ausfahrt,????,??,??,????????,???? ??????
